Gender,employees,actual_attrition_rate,mean_attrition_probability,high_risk_share
Female,588,0.1564625850340136,0.3417774813688333,0.29081632653061223
Male,882,0.16439909297052155,0.33515761020723195,0.2811791383219955
