Department,employees,actual_attrition_rate,mean_attrition_probability,high_risk_share
Research & Development,961,0.1768990634755463,0.3470235522504211,0.3007284079084287
Sales,446,0.1367713004484305,0.32967336736381586,0.2713004484304933
Human Resources,63,0.09523809523809523,0.2547653284243811,0.14285714285714285
