"feature","p_value","statistic","degrees_of_freedom"
"Department",0.00452560657447963,10.7960073224107,2
"JobRole",2.75248163805065e-15,86.1902536767043,8
"OverTime",8.15842372153835e-21,87.5642936582877,1
"BusinessTravel",5.60861447644993e-06,24.1824136856552,2
"Gender",0.290572449028912,1.1169671241971,1
"MaritalStatus",9.45551106034082e-11,46.1636765408487,2
"tenure_band",3.44646103895138e-15,73.8747299722402,4
"income_band",3.32318544146478e-14,69.2156663095127,4
