"feature","attrition_yes_mean","attrition_no_mean","mean_difference","cohens_d","p_value"
"MonthlyIncome",4787.09282700422,6832.7396593674,-2045.64683236318,-0.440017803359157,4.43358862828612e-13
"YearsAtCompany",5.13080168776371,7.36901865369019,-2.23821696592647,-0.368551257077087,2.28590517527252e-07
"TotalWorkingYears",8.24472573839662,11.8629359286294,-3.61821019023273,-0.471815082071834,1.15981675280691e-11
"DistanceFromHome",10.6329113924051,8.91565287915653,1.71725851324853,0.212401438197541,0.00413651197151142
"satisfaction_score",2.54746835443038,2.76622060016221,-0.218752245731826,-0.437904952507093,1.09528872309709e-08
"engagement_score",2.5126582278481,2.76358475263585,-0.250926524787746,-0.506236432796913,3.77804897323365e-10
