"feature","correlation_with_attrition"
"engagement_score",-0.183138405351948
"TotalWorkingYears",-0.171063246136227
"YearsInCurrentRole",-0.160545004267701
"MonthlyIncome",-0.159839582384989
"Age",-0.15920500686578
"satisfaction_score",-0.159091545746298
"YearsWithCurrManager",-0.156199315901628
"YearsAtCompany",-0.134392213989977
"DistanceFromHome",0.0779235829557037
"NumCompaniesWorked",0.0434937390578136
"YearsSinceLastPromotion",-0.0330187751425844
